Workbook

Sheet ticket
A1: ticket_id | B1: created_at | C1: closed_at | D1: outlet_id | E1: cms_id | F1: Same_Day | G1: Same_Hour
A2: isu-sjd-457 | B2: 44427.698 | C2: 44430.523 | D2: OUT001 | E2: vew-iuvd-12 | F2: =IF(INT(B2)=INT(C2),"Yes","No") -> No | G2: =IF(AND(INT(B2)=INT(C2),HOUR(B2)=HOUR(C2)),"Yes","No") -> No
A3: qer-fal-092 | B3: 44429.465 | C3: 44429.718 | D3: OUT002 | E3: abc-123 | F3: =IF(INT(B3)=INT(C3),"Yes","No") -> Yes | G3: =IF(AND(INT(B3)=INT(C3),HOUR(B3)=HOUR(C3)),"Yes","No") -> No
A4: xyz-111 | B4: 44430.417 | C4: 44430.438 | D4: OUT001 | E4: def-456 | F4: =IF(INT(B4)=INT(C4),"Yes","No") -> Yes | G4: =IF(AND(INT(B4)=INT(C4),HOUR(B4)=HOUR(C4)),"Yes","No") -> Yes
A5: lmn-222 | B5: 44431.385 | C5: 44431.406 | D5: OUT003 | E5: ghi-789 | F5: =IF(INT(B5)=INT(C5),"Yes","No") -> Yes | G5: =IF(AND(INT(B5)=INT(C5),HOUR(B5)=HOUR(C5)),"Yes","No") -> Yes
A6: rst-333 | B6: 44432.597 | C6: 44432.667 | D6: OUT002 | E6: jkl-321 | F6: =IF(INT(B6)=INT(C6),"Yes","No") -> Yes | G6: =IF(AND(INT(B6)=INT(C6),HOUR(B6)=HOUR(C6)),"Yes","No") -> No
A7: uvw-444 | B7: 44433.333 | C7: 44434.417 | D7: OUT001 | E7: mno-654 | F7: =IF(INT(B7)=INT(C7),"Yes","No") -> No | G7: =IF(AND(INT(B7)=INT(C7),HOUR(B7)=HOUR(C7)),"Yes","No") -> No
A8: pqr-555 | B8: 44434.542 | C8: 44434.556 | D8: OUT003 | E8: stu-987 | F8: =IF(INT(B8)=INT(C8),"Yes","No") -> Yes | G8: =IF(AND(INT(B8)=INT(C8),HOUR(B8)=HOUR(C8)),"Yes","No") -> Yes
A9: aaa-666 | B9: 44435.632 | C9: 44435.66 | D9: OUT002 | E9: vwx-111 | F9: =IF(INT(B9)=INT(C9),"Yes","No") -> Yes | G9: =IF(AND(INT(B9)=INT(C9),HOUR(B9)=HOUR(C9)),"Yes","No") -> Yes
A10: bbb-777 | B10: 44436.75 | C10: 44437.375 | D10: OUT001 | E10: yza-222 | F10: =IF(INT(B10)=INT(C10),"Yes","No") -> No | G10: =IF(AND(INT(B10)=INT(C10),HOUR(B10)=HOUR(C10)),"Yes","No") -> No
A11: ccc-888 | B11: 44437.833 | C11: 44437.865 | D11: OUT003 | E11: bcd-333 | F11: =IF(INT(B11)=INT(C11),"Yes","No") -> Yes | G11: =IF(AND(INT(B11)=INT(C11),HOUR(B11)=HOUR(C11)),"Yes","No") -> Yes

Sheet feedbacks
A1: cms_id | B1: feedback_at | C1: feedback_rating | D1: ticket_created_at
A2: vew-iuvd-12 | B2: 44429.56 | C2: 3 | D2: =INDEX(ticket!B:B,MATCH(A2,ticket!E:E,0)) -> 44427.698
A3: abc-123 | B3: 44430.583 | C3: 4 | D3: =INDEX(ticket!B:B,MATCH(A3,ticket!E:E,0)) -> 44429.465
A4: def-456 | B4: 44431.625 | C4: 5 | D4: =INDEX(ticket!B:B,MATCH(A4,ticket!E:E,0)) -> 44430.417
A5: ghi-789 | B5: 44432.667 | C5: 2 | D5: =INDEX(ticket!B:B,MATCH(A5,ticket!E:E,0)) -> 44431.385
A6: jkl-321 | B6: 44433.708 | C6: 4 | D6: =INDEX(ticket!B:B,MATCH(A6,ticket!E:E,0)) -> 44432.597
A7: mno-654 | B7: 44434.75 | C7: 5 | D7: =INDEX(ticket!B:B,MATCH(A7,ticket!E:E,0)) -> 44433.333
A8: stu-987 | B8: 44435.792 | C8: 3 | D8: =INDEX(ticket!B:B,MATCH(A8,ticket!E:E,0)) -> 44434.542
A9: vwx-111 | B9: 44436.833 | C9: 4 | D9: =INDEX(ticket!B:B,MATCH(A9,ticket!E:E,0)) -> 44435.632
A10: yza-222 | B10: 44437.875 | C10: 5 | D10: =INDEX(ticket!B:B,MATCH(A10,ticket!E:E,0)) -> 44436.75
A11: bcd-333 | B11: 44438.917 | C11: 2 | D11: =INDEX(ticket!B:B,MATCH(A11,ticket!E:E,0)) -> 44437.833
